minute,incident_proba,incident_true
2026-09-16 02:45:00,0.01220503084186628,0
2026-09-16 02:46:00,0.001260564466613101,0
2026-09-16 02:47:00,0.0036859654954449848,0
2026-09-16 02:48:00,0.0008634069747740822,0
2026-09-16 02:49:00,0.0031363145307395923,0
2026-09-16 02:50:00,0.0015367144517756516,0
2026-09-16 02:51:00,0.0027173970960878585,1
2026-09-16 02:52:00,0.5683934146976929,1
2026-09-16 02:53:00,0.9987306618168317,1
2026-09-16 02:54:00,0.9958917193806425,1
2026-09-16 02:55:00,0.9995407950480304,1
2026-09-16 02:56:00,0.9994642637392763,1
2026-09-16 02:57:00,0.9993910752540155,1
2026-09-16 02:58:00,0.9989220383653317,1
2026-09-16 02:59:00,0.9998491577568057,1
2026-09-16 03:00:00,0.9996533325423632,1
2026-09-16 03:01:00,0.9996435642131158,1
2026-09-16 03:02:00,0.999756418673519,1
2026-09-16 03:03:00,0.9991257086338574,1
2026-09-16 03:04:00,0.999717671880717,1
2026-09-16 03:05:00,0.999680090475739,1
2026-09-16 03:06:00,0.985895613285784,1
2026-09-16 03:07:00,0.9154506244463056,1
2026-09-16 03:08:00,0.9908731280586223,1
2026-09-16 03:09:00,0.8022315874200343,1
2026-09-16 03:10:00,0.8845191958537619,1
2026-09-16 03:11:00,0.867457949505959,0
2026-09-16 03:12:00,0.058417921411325895,0
2026-09-16 03:13:00,0.002216997416142719,0
2026-09-16 03:14:00,0.0020254033734033285,0
2026-09-16 03:15:00,0.00306325867350812,0
2026-09-16 03:16:00,0.0001831700862795443,0
2026-09-16 03:17:00,0.00016158101529103542,0
2026-09-16 03:18:00,0.0003462902998259004,0
2026-09-16 03:19:00,0.00021896966167107731,0
2026-09-16 03:20:00,0.00038858756592317066,0
2026-09-16 03:21:00,9.108751706300917e-05,0
2026-09-16 03:22:00,7.895269326889536e-05,0
2026-09-16 03:23:00,0.0003478586977474236,0
2026-09-16 03:24:00,0.00011630913278599014,0
2026-09-16 03:25:00,0.0020893533081215786,0
2026-09-16 03:26:00,0.0004516044208799125,0
2026-09-16 03:27:00,0.0006659220816107844,0
2026-09-16 03:28:00,0.000996374704863479,0
2026-09-16 03:29:00,0.03688403616919367,0
2026-09-16 03:30:00,0.0020179518265417704,0
2026-09-16 03:31:00,0.0003184561805412236,0
2026-09-16 03:32:00,0.00010287219194124325,0
2026-09-16 03:33:00,0.00019244923204113885,0
2026-09-16 03:34:00,0.00011720227432341544,0
2026-09-16 03:35:00,0.0002480011168727203,0
2026-09-16 03:36:00,3.4957777869172426e-05,0
2026-09-16 03:37:00,4.7920488387375153e-05,0
2026-09-16 03:38:00,0.0010102789226293734,0
2026-09-16 03:39:00,0.0019414759482805058,0
2026-09-16 03:40:00,0.0002362514205151928,0
2026-09-16 03:41:00,0.00011500922119072993,0
2026-09-16 03:42:00,6.332456837943993e-05,0
2026-09-16 03:43:00,5.785824153172935e-05,0
2026-09-16 03:44:00,0.00026132605821234004,0
2026-09-16 03:45:00,0.00022339965914906166,0
2026-09-16 03:46:00,7.141681217423379e-05,0
2026-09-16 03:47:00,0.00015450303883805114,0
2026-09-16 03:48:00,6.316087924267691e-05,0
2026-09-16 03:49:00,3.360373141216326e-05,0
2026-09-16 03:50:00,0.00014953529547209691,0
2026-09-16 03:51:00,0.0012363066241890598,0
2026-09-16 03:52:00,0.00013123589724003027,0
2026-09-16 03:53:00,0.0009984813417778416,0
2026-09-16 03:54:00,0.00020839223142402605,0
2026-09-16 03:55:00,0.0050421882785733185,0
2026-09-16 03:56:00,0.011950563916241433,0
2026-09-16 03:57:00,0.012494926740745219,0
2026-09-16 03:58:00,0.0024093313398414243,0
2026-09-16 03:59:00,0.0007557996088134386,0
2026-09-16 04:00:00,0.0015745009811003329,0
2026-09-16 04:01:00,0.00025233583543301293,0
2026-09-16 04:02:00,0.0006928577702851045,0
2026-09-16 04:03:00,0.00038119158359294775,0
2026-09-16 04:04:00,0.007345744310648788,0
2026-09-16 04:05:00,0.0008375288742530756,0
2026-09-16 04:06:00,0.00030115054166289935,0
2026-09-16 04:07:00,0.00030627133309291376,0
2026-09-16 04:08:00,0.0006799504695168876,0
2026-09-16 04:09:00,0.0009614924363466819,0
2026-09-16 04:10:00,0.0010554894365414865,0
2026-09-16 04:11:00,0.006541063135567731,0
2026-09-16 04:12:00,0.0024101487010381828,0
2026-09-16 04:13:00,0.0029860719313945737,0
2026-09-16 04:14:00,0.001253432348658433,0
2026-09-16 04:15:00,0.0007433862573600018,0
2026-09-16 04:16:00,0.0005900884750858388,0
2026-09-16 04:17:00,0.0029516898461321136,0
2026-09-16 04:18:00,0.003952684585085666,0
2026-09-16 04:19:00,0.0004714481462165268,0
2026-09-16 04:20:00,0.0031244367528184694,0
2026-09-16 04:21:00,0.013174485107036582,0
2026-09-16 04:22:00,0.0015306798673814098,0
2026-09-16 04:23:00,0.00024692139570804857,0
2026-09-16 04:24:00,0.0005438026878320395,0
2026-09-16 04:25:00,0.0004982818257792879,0
2026-09-16 04:26:00,0.0010426523596356887,0
2026-09-16 04:27:00,0.004449483386751837,0
2026-09-16 04:28:00,0.001520333833430842,0
2026-09-16 04:29:00,0.00016490203458656698,0
2026-09-16 04:30:00,0.02850163931150612,0
2026-09-16 04:31:00,0.0003878962961949551,0
2026-09-16 04:32:00,0.006882913247433614,0
2026-09-16 04:33:00,0.0009483135385326925,0
2026-09-16 04:34:00,0.00026601778687181837,0
2026-09-16 04:35:00,0.0006864302993031284,0
2026-09-16 04:36:00,0.00013349612092572536,0
2026-09-16 04:37:00,0.0009008871904829015,0
2026-09-16 04:38:00,0.0017585625787356377,0
2026-09-16 04:39:00,0.00021588459722263987,0
2026-09-16 04:40:00,0.00026041516341606145,0
2026-09-16 04:41:00,0.0017322627887098056,0
2026-09-16 04:42:00,0.0004722832794607357,0
2026-09-16 04:43:00,0.00039687716012878,0
2026-09-16 04:44:00,0.0014009331683760482,0
2026-09-16 04:45:00,0.003508599750197716,0
2026-09-16 04:46:00,0.0005057237843174404,0
2026-09-16 04:47:00,0.0008746287173324143,0
2026-09-16 04:48:00,0.0003256181194694065,0
2026-09-16 04:49:00,0.003759063991031689,0
2026-09-16 04:50:00,0.0007478676327800289,0
2026-09-16 04:51:00,0.0019906858303248664,0
2026-09-16 04:52:00,0.00013323447454679764,0
2026-09-16 04:53:00,0.00038071984921403103,0
2026-09-16 04:54:00,0.0002359657230298516,0
2026-09-16 04:55:00,0.0020759984529991698,0
2026-09-16 04:56:00,0.0002903770460771459,0
2026-09-16 04:57:00,6.601923983147259e-05,0
2026-09-16 04:58:00,9.520159278877878e-05,0
2026-09-16 04:59:00,0.006664052933284569,0
2026-09-16 05:00:00,0.0006965741733859799,0
2026-09-16 05:01:00,0.00244814289388168,0
2026-09-16 05:02:00,0.0002509396086953279,0
2026-09-16 05:03:00,0.0028948211049093482,0
2026-09-16 05:04:00,0.0011820164201003032,0
2026-09-16 05:05:00,0.012959121756384084,0
2026-09-16 05:06:00,0.000637533146488274,0
2026-09-16 05:07:00,0.003863062251576267,0
2026-09-16 05:08:00,0.000968211623754037,0
2026-09-16 05:09:00,0.008331014456578672,0
2026-09-16 05:10:00,0.003348039439933986,0
2026-09-16 05:11:00,0.004376900449039291,0
2026-09-16 05:12:00,0.0017834517853825265,0
2026-09-16 05:13:00,0.010366632278977505,0
2026-09-16 05:14:00,0.003435402530193561,0
2026-09-16 05:15:00,0.01724842930885747,0
2026-09-16 05:16:00,0.005110803376254409,0
2026-09-16 05:17:00,0.013041579156530076,0
2026-09-16 05:18:00,0.008587559997573409,0
2026-09-16 05:19:00,0.016230690388623206,0
2026-09-16 05:20:00,0.01692492598662317,0
2026-09-16 05:21:00,0.0119827216615698,0
2026-09-16 05:22:00,0.003184709822963802,0
2026-09-16 05:23:00,0.02654849401278733,0
2026-09-16 05:24:00,0.003394699757356576,0
2026-09-16 05:25:00,0.04122687297992072,0
2026-09-16 05:26:00,0.001956181987127041,0
2026-09-16 05:27:00,0.006574924167639104,0
2026-09-16 05:28:00,0.00018378469491222516,0
2026-09-16 05:29:00,0.0013581631143402613,1
2026-09-16 05:30:00,0.9820443275819403,1
2026-09-16 05:31:00,0.9440619273541444,1
2026-09-16 05:32:00,0.9942045754119015,1
2026-09-16 05:33:00,0.9975484744031113,1
2026-09-16 05:34:00,0.5308919522402504,1
2026-09-16 05:35:00,0.9918723895399907,1
2026-09-16 05:36:00,0.9949452681909281,1
2026-09-16 05:37:00,0.04039834534617169,1
2026-09-16 05:38:00,0.9868956468795091,1
2026-09-16 05:39:00,0.9780894940020247,1
2026-09-16 05:40:00,0.9116347875872797,1
2026-09-16 05:41:00,0.9910100338876249,1
2026-09-16 05:42:00,0.9896359496407747,1
2026-09-16 05:43:00,0.8054902415036258,1
2026-09-16 05:44:00,0.8649354403976748,1
2026-09-16 05:45:00,0.2584342204469546,1
2026-09-16 05:46:00,0.8656793424992573,1
2026-09-16 05:47:00,0.052833338756177094,1
2026-09-16 05:48:00,0.9786767493209816,0
2026-09-16 05:49:00,0.23480187459395818,0
2026-09-16 05:50:00,0.1668665021221093,0
2026-09-16 05:51:00,0.17572345801237219,0
2026-09-16 05:52:00,0.2616312232648041,0
2026-09-16 05:53:00,0.3120279922391726,0
2026-09-16 05:54:00,0.43348692927058324,0
2026-09-16 05:55:00,0.301695138890592,0
2026-09-16 05:56:00,0.28051671666026307,0
2026-09-16 05:57:00,0.46859862913826933,0
2026-09-16 05:58:00,0.11456779034095727,0
2026-09-16 05:59:00,0.24005764660892084,0
2026-09-16 06:00:00,0.12359415785257782,0
2026-09-16 06:01:00,0.13589145688162624,0
2026-09-16 06:02:00,0.027317894708188604,0
2026-09-16 06:03:00,0.0014089295562251213,0
2026-09-16 06:04:00,0.002160028427923949,0
2026-09-16 06:05:00,0.003993282649513536,0
2026-09-16 06:06:00,0.0007356250821836306,0
2026-09-16 06:07:00,0.00024335028839225146,0
2026-09-16 06:08:00,0.0018562095086932966,0
2026-09-16 06:09:00,0.011028128122872335,0
2026-09-16 06:10:00,0.007243280112924667,0
2026-09-16 06:11:00,0.006903180450232001,0
2026-09-16 06:12:00,0.0005788406782181581,0
2026-09-16 06:13:00,0.002614935659020205,0
2026-09-16 06:14:00,0.0020172068219045797,0
2026-09-16 06:15:00,0.01750243110802274,0
2026-09-16 06:16:00,0.010418036296363661,0
2026-09-16 06:17:00,0.0026374420551175024,0
2026-09-16 06:18:00,0.0002875392135435365,0
2026-09-16 06:19:00,0.002000060203257566,0
2026-09-16 06:20:00,0.001027218326276978,0
2026-09-16 06:21:00,0.0003271754646300029,0
2026-09-16 06:22:00,0.008859998236564798,0
2026-09-16 06:23:00,0.0009748888428339019,0
2026-09-16 06:24:00,0.0014469618332359504,0
2026-09-16 06:25:00,0.0019036161344245781,0
2026-09-16 06:26:00,0.004216685152178175,0
2026-09-16 06:27:00,0.0072439353269280644,0
2026-09-16 06:28:00,0.0009485202682027566,0
2026-09-16 06:29:00,0.001900148487662401,0
2026-09-16 06:30:00,0.003998461814916224,0
2026-09-16 06:31:00,0.0037518252926069516,1
2026-09-16 06:32:00,0.9779707522939209,1
2026-09-16 06:33:00,0.9972652506532927,1
2026-09-16 06:34:00,0.9991091844120488,1
2026-09-16 06:35:00,0.9992993959807174,1
2026-09-16 06:36:00,0.9995287110280333,1
2026-09-16 06:37:00,0.9997231656788587,1
2026-09-16 06:38:00,0.999766213169689,0
2026-09-16 06:39:00,0.2702703523830041,0
2026-09-16 06:40:00,0.15790117481882218,0
2026-09-16 06:41:00,0.01691954766913213,0
2026-09-16 06:42:00,0.049413946671335404,0
2026-09-16 06:43:00,0.0030943099495210212,0
2026-09-16 06:44:00,0.0027795011919317203,0
2026-09-16 06:45:00,0.0010280037897588531,0
2026-09-16 06:46:00,0.0027649869459715603,0
2026-09-16 06:47:00,0.0014427567447444776,0
2026-09-16 06:48:00,0.002440427744630943,0
2026-09-16 06:49:00,0.017048885077645726,0
2026-09-16 06:50:00,0.0009594767812657404,0
2026-09-16 06:51:00,0.0005608280495203,0
2026-09-16 06:52:00,0.00019781201947705976,0
2026-09-16 06:53:00,0.00047921815749020155,0
2026-09-16 06:54:00,0.0025614405926160104,0
2026-09-16 06:55:00,0.00016053967903112757,0
2026-09-16 06:56:00,0.0004246750878644663,0
2026-09-16 06:57:00,5.416342367427294e-05,0
2026-09-16 06:58:00,7.753144243534766e-05,0
2026-09-16 06:59:00,0.0004855573503456699,0
2026-09-16 07:00:00,0.00026021397426191905,0
2026-09-16 07:01:00,4.3828772028748006e-05,0
2026-09-16 07:02:00,0.00017363379981135264,0
2026-09-16 07:03:00,0.0003150334418452354,0
2026-09-16 07:04:00,0.00015351664730624303,0
2026-09-16 07:05:00,8.429290879799825e-05,0
2026-09-16 07:06:00,5.383964333449358e-05,0
2026-09-16 07:07:00,0.0002340240016008093,0
2026-09-16 07:08:00,0.0003999478961229936,0
2026-09-16 07:09:00,0.0004759014472663128,0
2026-09-16 07:10:00,0.00018882614909938815,0
2026-09-16 07:11:00,0.00010888786253294362,0
2026-09-16 07:12:00,9.774336283183881e-05,0
2026-09-16 07:13:00,0.0012931673543389597,0
2026-09-16 07:14:00,0.00024604586476077386,0
2026-09-16 07:15:00,0.003400777670387878,0
2026-09-16 07:16:00,0.0006311556505535412,0
2026-09-16 07:17:00,0.0016127401702640686,0
2026-09-16 07:18:00,0.00045072087644801935,0
2026-09-16 07:19:00,0.0003051231764081209,0
2026-09-16 07:20:00,0.0009579344725380623,0
2026-09-16 07:21:00,0.0009636360611822096,0
2026-09-16 07:22:00,0.005918201547976501,0
2026-09-16 07:23:00,0.0024707037427553783,0
2026-09-16 07:24:00,0.0022060297349052117,0
2026-09-16 07:25:00,0.0011533070269957332,0
2026-09-16 07:26:00,0.0008394342465250934,0
2026-09-16 07:27:00,0.00028259432077620784,0
2026-09-16 07:28:00,0.00025816830347918154,0
2026-09-16 07:29:00,0.002499555919420098,0
2026-09-16 07:30:00,0.0004442540057035133,0
2026-09-16 07:31:00,0.002435155256472351,0
2026-09-16 07:32:00,0.00029976868024538184,0
2026-09-16 07:33:00,5.9860742898412274e-05,0
2026-09-16 07:34:00,0.0002963232315068181,0
2026-09-16 07:35:00,6.208300099695329e-05,0
2026-09-16 07:36:00,0.0033467173628177194,0
2026-09-16 07:37:00,0.0011781002837455042,0
2026-09-16 07:38:00,0.19149413512384464,0
2026-09-16 07:39:00,0.015268762015879374,0
2026-09-16 07:40:00,0.062171681945694446,0
2026-09-16 07:41:00,0.004011863432212787,0
2026-09-16 07:42:00,0.002713289108326186,0
2026-09-16 07:43:00,0.05399802391877556,0
2026-09-16 07:44:00,0.003268767139186799,0
2026-09-16 07:45:00,0.020285637262658522,0
2026-09-16 07:46:00,0.046745581959384525,0
2026-09-16 07:47:00,0.027171244486096403,0
2026-09-16 07:48:00,0.0005478806051640714,0
2026-09-16 07:49:00,0.002526364593198351,0
2026-09-16 07:50:00,0.002781171625067823,0
2026-09-16 07:51:00,0.0016679051035962927,0
2026-09-16 07:52:00,0.017499117215472447,0
2026-09-16 07:53:00,0.1760868724476409,0
2026-09-16 07:54:00,0.07092151461149732,0
2026-09-16 07:55:00,0.0014758659519174952,0
2026-09-16 07:56:00,0.029981682701139767,0
2026-09-16 07:57:00,0.004334870599744086,0
2026-09-16 07:58:00,0.011772898538551646,0
2026-09-16 07:59:00,0.001357798724138768,0
2026-09-16 08:00:00,0.005627637322291135,0
2026-09-16 08:01:00,0.05629793262841938,0
2026-09-16 08:02:00,0.001931892233920514,0
2026-09-16 08:03:00,0.08446432053441959,0
2026-09-16 08:04:00,0.02323415683341642,0
2026-09-16 08:05:00,0.011840653717826818,0
2026-09-16 08:06:00,0.02277932648452715,0
2026-09-16 08:07:00,0.005129511205713045,0
2026-09-16 08:08:00,0.12889572472086241,0
2026-09-16 08:09:00,0.0502251433839081,0
2026-09-16 08:10:00,0.003731165388636799,0
2026-09-16 08:11:00,0.0012241110573456846,0
2026-09-16 08:12:00,0.010191327435676857,0
2026-09-16 08:13:00,0.0035035670245071103,0
2026-09-16 08:14:00,0.067511225850427,0
2026-09-16 08:15:00,0.003596596208710816,0
2026-09-16 08:16:00,0.0034259185346111345,0
2026-09-16 08:17:00,0.003410800344722663,0
2026-09-16 08:18:00,0.0024365550183167548,0
2026-09-16 08:19:00,0.0075518048028126415,0
2026-09-16 08:20:00,0.008456362188216804,0
2026-09-16 08:21:00,0.0007180439097609721,0
2026-09-16 08:22:00,0.0011511987780982505,0
2026-09-16 08:23:00,0.0032062156917042725,0
2026-09-16 08:24:00,0.0007283307354180169,0
2026-09-16 08:25:00,0.0008731402479821942,0
2026-09-16 08:26:00,0.011853881541870491,0
2026-09-16 08:27:00,0.05714903329140158,0
2026-09-16 08:28:00,0.026178397828638848,0
2026-09-16 08:29:00,0.050859870793024425,0
2026-09-16 08:30:00,0.0008608025244802593,0
2026-09-16 08:31:00,0.0032563003421021194,1
2026-09-16 08:32:00,0.9513233115004728,1
2026-09-16 08:33:00,0.9954852264070735,1
2026-09-16 08:34:00,0.9977492820489015,1
2026-09-16 08:35:00,0.9972155370030009,1
2026-09-16 08:36:00,0.9991841990239636,1
2026-09-16 08:37:00,0.999294758071423,1
2026-09-16 08:38:00,0.9994219943601763,1
2026-09-16 08:39:00,0.9995155791458921,1
2026-09-16 08:40:00,0.9989871627771828,1
2026-09-16 08:41:00,0.9984644395061236,1
2026-09-16 08:42:00,0.9997706304932528,1
2026-09-16 08:43:00,0.9982209027107786,1
2026-09-16 08:44:00,0.9989367585800097,1
2026-09-16 08:45:00,0.9995441010851821,0
2026-09-16 08:46:00,0.02859114831954762,0
2026-09-16 08:47:00,0.008700873198951917,0
2026-09-16 08:48:00,0.0015844159579259047,0
2026-09-16 08:49:00,0.005502543638722692,0
2026-09-16 08:50:00,0.004253261690987175,0
2026-09-16 08:51:00,0.005458761840701676,0
2026-09-16 08:52:00,0.0019050177743332461,0
2026-09-16 08:53:00,0.0036643627513681587,0
2026-09-16 08:54:00,0.0019043713268268566,0
2026-09-16 08:55:00,0.0011005850310940467,0
2026-09-16 08:56:00,0.001036798359923681,0
2026-09-16 08:57:00,0.0029887240336435627,0
2026-09-16 08:58:00,0.00037329698161303756,0
2026-09-16 08:59:00,0.0013777300830228301,0
2026-09-16 09:00:00,0.014003616426140529,0
2026-09-16 09:01:00,0.0011832357590056694,0
2026-09-16 09:02:00,0.001019498790328327,0
2026-09-16 09:03:00,0.0006638357035174143,0
2026-09-16 09:04:00,0.00252207895107441,0
2026-09-16 09:05:00,0.0010095522215316148,0
2026-09-16 09:06:00,0.0001450240758345958,0
2026-09-16 09:07:00,9.152582270087439e-05,0
2026-09-16 09:08:00,0.0005429335805227253,0
2026-09-16 09:09:00,0.0003043111916325188,0
2026-09-16 09:10:00,0.00028110176064935044,0
2026-09-16 09:11:00,0.0009732235881578184,0
2026-09-16 09:12:00,0.0027740781118734768,0
2026-09-16 09:13:00,0.0017856815772054762,0
2026-09-16 09:14:00,0.0021709672904453377,0
2026-09-16 09:15:00,0.0001849029651583749,0
2026-09-16 09:16:00,0.0003773101980523284,0
2026-09-16 09:17:00,0.0005494316169434799,0
2026-09-16 09:18:00,0.0020093299956437027,0
2026-09-16 09:19:00,0.0008524370852434029,0
2026-09-16 09:20:00,0.0007324288685193273,0
2026-09-16 09:21:00,4.998712848722576e-05,0
2026-09-16 09:22:00,5.3388001081566326e-05,0
2026-09-16 09:23:00,0.00031762445166739665,0
2026-09-16 09:24:00,0.0020765410804843743,0
2026-09-16 09:25:00,0.00013492796163537356,0
2026-09-16 09:26:00,0.0008107479168271738,0
2026-09-16 09:27:00,0.0011294504117157049,0
2026-09-16 09:28:00,0.0034905064341517462,0
2026-09-16 09:29:00,0.0009633617731121013,0
2026-09-16 09:30:00,0.0026791997464944116,0
2026-09-16 09:31:00,0.00207614850819345,0
2026-09-16 09:32:00,0.0009912355703200575,0
2026-09-16 09:33:00,0.0012095408036403555,0
2026-09-16 09:34:00,0.0002678276999445785,0
2026-09-16 09:35:00,0.0025870480702752208,0
2026-09-16 09:36:00,0.0033741902074075143,0
2026-09-16 09:37:00,0.004227666759280135,0
2026-09-16 09:38:00,0.0030865484351564436,0
2026-09-16 09:39:00,0.0012728882224919455,0
2026-09-16 09:40:00,0.010655877917624203,0
2026-09-16 09:41:00,0.0009126261888044283,0
2026-09-16 09:42:00,0.0010291053792486802,0
2026-09-16 09:43:00,0.0066177685308499365,0
2026-09-16 09:44:00,0.0007076734325245444,0
2026-09-16 09:45:00,0.0012644284898799796,0
2026-09-16 09:46:00,0.008817115025616128,0
2026-09-16 09:47:00,0.006495729890135109,0
2026-09-16 09:48:00,0.014980020594685953,0
2026-09-16 09:49:00,0.005837404380823757,0
2026-09-16 09:50:00,0.00029432631782200957,0
2026-09-16 09:51:00,0.020000727108421205,0
2026-09-16 09:52:00,0.06528167298041801,0
2026-09-16 09:53:00,0.0052790148411437235,0
2026-09-16 09:54:00,0.0014228432853543684,0
2026-09-16 09:55:00,0.03372949827005382,0
2026-09-16 09:56:00,0.0010935123675613124,0
2026-09-16 09:57:00,0.004049777098098721,1
2026-09-16 09:58:00,0.15003311106887873,1
2026-09-16 09:59:00,0.7520651254756998,1
2026-09-16 10:00:00,0.6167976445099171,1
2026-09-16 10:01:00,0.717060699814966,1
2026-09-16 10:02:00,0.9965881250800667,1
2026-09-16 10:03:00,0.9934142819090538,1
2026-09-16 10:04:00,0.9105516566050688,1
2026-09-16 10:05:00,0.9745776574791125,1
2026-09-16 10:06:00,0.6786684730383704,1
2026-09-16 10:07:00,0.9211353516225287,1
2026-09-16 10:08:00,0.1982095211781141,1
2026-09-16 10:09:00,0.23521007837416197,1
2026-09-16 10:10:00,0.010976056192592662,1
2026-09-16 10:11:00,0.0063975701835928735,1
2026-09-16 10:12:00,0.006863229235710587,1
2026-09-16 10:13:00,0.1522561813813948,1
2026-09-16 10:14:00,0.18333825388534497,1
2026-09-16 10:15:00,0.01008349401445406,1
2026-09-16 10:16:00,0.6991272880251933,1
2026-09-16 10:17:00,0.9710208985711797,1
2026-09-16 10:18:00,0.024048789309312854,1
2026-09-16 10:19:00,0.0024042159364455785,0
2026-09-16 10:20:00,0.02578205011850553,0
2026-09-16 10:21:00,0.033613863358756955,0
2026-09-16 10:22:00,0.09334255479259576,0
2026-09-16 10:23:00,0.08228239490394282,0
2026-09-16 10:24:00,0.04509462709063544,0
2026-09-16 10:25:00,0.05568269902459686,0
2026-09-16 10:26:00,0.08137107685149364,0
2026-09-16 10:27:00,0.015460757991244547,0
2026-09-16 10:28:00,0.016217219013204914,0
2026-09-16 10:29:00,0.20686611799591928,0
2026-09-16 10:30:00,0.024883924669438538,0
2026-09-16 10:31:00,0.10647330341257182,0
2026-09-16 10:32:00,0.03192359439112482,0
2026-09-16 10:33:00,0.053706564977922686,0
2026-09-16 10:34:00,0.0373136861595669,0
2026-09-16 10:35:00,0.03321883716280557,0
2026-09-16 10:36:00,0.05813636894046182,0
2026-09-16 10:37:00,0.09514883664569151,0
2026-09-16 10:38:00,0.043619181986730586,0
2026-09-16 10:39:00,0.01984823196688797,0
2026-09-16 10:40:00,0.008338567078810219,0
2026-09-16 10:41:00,0.10870726798645773,0
2026-09-16 10:42:00,0.04563296684293881,0
2026-09-16 10:43:00,0.057423179452967536,0
2026-09-16 10:44:00,0.020943755438760227,0
2026-09-16 10:45:00,0.06967294531480947,0
2026-09-16 10:46:00,0.014115553486586326,0
2026-09-16 10:47:00,0.02282491947981594,0
2026-09-16 10:48:00,0.0030481724683867027,0
2026-09-16 10:49:00,0.011652747307569433,0
2026-09-16 10:50:00,0.0010754935392617553,0
2026-09-16 10:51:00,0.00048311416596416324,0
2026-09-16 10:52:00,0.004209844264197001,0
2026-09-16 10:53:00,0.02666631847200716,0
2026-09-16 10:54:00,0.004330485546876095,0
2026-09-16 10:55:00,0.006372222338165144,0
2026-09-16 10:56:00,0.0009939800448350846,0
2026-09-16 10:57:00,0.008161850545014717,0
2026-09-16 10:58:00,0.017172407821190405,0
2026-09-16 10:59:00,0.008415690033875349,0
2026-09-16 11:00:00,0.009288467630391815,0
2026-09-16 11:01:00,0.022558647865587842,0
2026-09-16 11:02:00,0.013683686230076833,0
2026-09-16 11:03:00,0.010616650750723631,0
2026-09-16 11:04:00,0.04159726399031108,0
2026-09-16 11:05:00,0.02464008798272016,0
2026-09-16 11:06:00,0.01010451343556378,0
2026-09-16 11:07:00,0.004920609966051036,0
2026-09-16 11:08:00,0.09084602105703898,0
2026-09-16 11:09:00,0.0006199327488837194,0
2026-09-16 11:10:00,0.0007046482438280641,0
2026-09-16 11:11:00,0.020968958845209863,0
2026-09-16 11:12:00,0.002352682681909326,0
2026-09-16 11:13:00,0.002562869937632995,0
2026-09-16 11:14:00,0.0006455256856425518,0
2026-09-16 11:15:00,0.0012983972200733098,0
2026-09-16 11:16:00,0.0005756647645522969,0
2026-09-16 11:17:00,0.0009594156584584418,0
2026-09-16 11:18:00,0.0028756572394092444,0
2026-09-16 11:19:00,0.0001481987241650971,0
2026-09-16 11:20:00,0.001136073697267899,0
2026-09-16 11:21:00,0.0002463053423387165,0
2026-09-16 11:22:00,0.0021462443746633544,0
2026-09-16 11:23:00,0.0025384121500264876,0
2026-09-16 11:24:00,0.0008764133589526337,0
2026-09-16 11:25:00,0.008349096738703344,0
2026-09-16 11:26:00,0.0015576474987018256,0
2026-09-16 11:27:00,0.0003613661550302892,0
2026-09-16 11:28:00,0.0003369769862936323,0
2026-09-16 11:29:00,0.031249154773533013,0
2026-09-16 11:30:00,0.0006470204685195759,0
2026-09-16 11:31:00,0.009023793089058768,0
2026-09-16 11:32:00,0.0017904820036205272,0
2026-09-16 11:33:00,0.0006477352418224231,0
2026-09-16 11:34:00,0.001362170770533413,0
2026-09-16 11:35:00,0.0004538335071861663,0
2026-09-16 11:36:00,0.00024836868283558436,0
2026-09-16 11:37:00,0.000892719365686121,0
2026-09-16 11:38:00,0.00027418511077578886,0
2026-09-16 11:39:00,0.0005483313754228974,0
2026-09-16 11:40:00,4.34088511267047e-05,0
2026-09-16 11:41:00,0.00018319463671066932,0
2026-09-16 11:42:00,7.477224680944431e-05,0
2026-09-16 11:43:00,0.0015013715328923223,0
2026-09-16 11:44:00,0.00012153284740074067,0
2026-09-16 11:45:00,0.0001280957577006333,0
2026-09-16 11:46:00,0.0010164316525857352,0
2026-09-16 11:47:00,0.0002732350414015067,0
2026-09-16 11:48:00,0.00011144454153978816,0
2026-09-16 11:49:00,0.0002809002955439739,0
2026-09-16 11:50:00,0.0012698146430721435,0
2026-09-16 11:51:00,0.00022405351143860972,0
2026-09-16 11:52:00,0.001124148743731045,0
2026-09-16 11:53:00,0.00026402753528593993,0
2026-09-16 11:54:00,0.00012061116699283852,0
2026-09-16 11:55:00,2.8410981625500598e-05,0
2026-09-16 11:56:00,3.6052344012673735e-05,0
2026-09-16 11:57:00,0.0005063934056309449,0
2026-09-16 11:58:00,5.906939135308385e-05,0
2026-09-16 11:59:00,1.5677490565361017e-05,0
2026-09-16 12:00:00,0.0001940041402457574,0
2026-09-16 12:01:00,7.143682027184388e-05,0
2026-09-16 12:02:00,5.827757935092053e-05,0
2026-09-16 12:03:00,0.006350624148260972,0
2026-09-16 12:04:00,0.00028008952477821483,0
2026-09-16 12:05:00,0.0003250934388256656,0
2026-09-16 12:06:00,0.000703344385699535,0
2026-09-16 12:07:00,7.273975426075009e-05,0
2026-09-16 12:08:00,0.00036414772026693707,0
2026-09-16 12:09:00,0.00016018468838968752,0
2026-09-16 12:10:00,9.813072215195737e-05,1
2026-09-16 12:11:00,0.2564589878866708,1
2026-09-16 12:12:00,0.9635843407503103,1
2026-09-16 12:13:00,0.9968417669890849,1
2026-09-16 12:14:00,0.9937345830476949,1
2026-09-16 12:15:00,0.9939358123471815,1
2026-09-16 12:16:00,0.9957305806215834,1
2026-09-16 12:17:00,0.5792817045345969,1
2026-09-16 12:18:00,0.9549478965663925,1
2026-09-16 12:19:00,0.5744888405794826,1
2026-09-16 12:20:00,0.042704523548730076,1
2026-09-16 12:21:00,0.2083380803143397,1
2026-09-16 12:22:00,0.10812048195090328,1
2026-09-16 12:23:00,0.21553916998014913,1
2026-09-16 12:24:00,0.09363034647797697,0
2026-09-16 12:25:00,0.016298433397117198,0
2026-09-16 12:26:00,0.026184034620056366,0
2026-09-16 12:27:00,0.1228567253529654,0
2026-09-16 12:28:00,0.04663020789564413,0
2026-09-16 12:29:00,0.036130768831588486,0
2026-09-16 12:30:00,0.04759603388990606,0
2026-09-16 12:31:00,0.042414008545822356,0
2026-09-16 12:32:00,0.05332374571342961,0
2026-09-16 12:33:00,0.04446503154787128,0
2026-09-16 12:34:00,0.0705350709096973,0
2026-09-16 12:35:00,0.01701239879283794,0
2026-09-16 12:36:00,0.031072396137934426,0
2026-09-16 12:37:00,0.04822889679684601,0
2026-09-16 12:38:00,0.00837223571516774,0
2026-09-16 12:39:00,0.0034370402847544975,0
2026-09-16 12:40:00,0.0006194115349456974,0
2026-09-16 12:41:00,0.0011490354871608733,0
2026-09-16 12:42:00,0.0005174928409203184,0
2026-09-16 12:43:00,0.0014289547924534551,0
2026-09-16 12:44:00,0.001144549642741693,0
2026-09-16 12:45:00,0.00306244449586289,0
2026-09-16 12:46:00,0.01324988177529657,0
2026-09-16 12:47:00,0.0016528497169393426,0
2026-09-16 12:48:00,0.0016794181746748115,0
2026-09-16 12:49:00,0.0006425146643009937,0
2026-09-16 12:50:00,0.001456665915169468,0
2026-09-16 12:51:00,0.00423985844983729,0
2026-09-16 12:52:00,0.0008837579092575582,0
2026-09-16 12:53:00,0.0010764395523377077,0
2026-09-16 12:54:00,0.00019110184614328237,0
2026-09-16 12:55:00,0.00021743885011498175,0
2026-09-16 12:56:00,0.00043049348133437275,0
2026-09-16 12:57:00,0.0005303738780178074,0
2026-09-16 12:58:00,0.0031075573205901455,0
2026-09-16 12:59:00,0.0015008700905137374,0
2026-09-16 13:00:00,0.027207819345535532,0
2026-09-16 13:01:00,0.0021118988757663675,0
2026-09-16 13:02:00,0.003584063433451332,0
2026-09-16 13:03:00,0.002102976464751096,0
2026-09-16 13:04:00,0.0019605894571043028,0
2026-09-16 13:05:00,0.0011141419864385271,0
2026-09-16 13:06:00,0.008257566465853907,0
2026-09-16 13:07:00,0.0030035507338748014,0
2026-09-16 13:08:00,0.006527511224119416,0
2026-09-16 13:09:00,0.013147493399653688,0
2026-09-16 13:10:00,0.011234876339418259,0
2026-09-16 13:11:00,0.0004765902030504401,0
2026-09-16 13:12:00,0.0018311239563982438,0
2026-09-16 13:13:00,0.0012769428027551532,0
2026-09-16 13:14:00,0.0029969515128492673,0
2026-09-16 13:15:00,0.00148139584691845,0
2026-09-16 13:16:00,0.0020733179826322753,0
2026-09-16 13:17:00,0.0027228279092929753,0
2026-09-16 13:18:00,0.000462692707718132,0
2026-09-16 13:19:00,0.005149822166095648,0
2026-09-16 13:20:00,0.0017144587976156073,0
2026-09-16 13:21:00,0.002847640232360048,0
2026-09-16 13:22:00,0.0006154537164144348,0
2026-09-16 13:23:00,0.0006054665854293144,0
2026-09-16 13:24:00,0.00033826906780242793,0
2026-09-16 13:25:00,0.001051444444144218,0
2026-09-16 13:26:00,0.0006503798538039603,0
2026-09-16 13:27:00,0.003533449083291203,0
2026-09-16 13:28:00,0.00019234725426938467,0
2026-09-16 13:29:00,0.00010406965408784508,0
2026-09-16 13:30:00,8.923158864340583e-05,0
2026-09-16 13:31:00,4.834111527673295e-05,0
2026-09-16 13:32:00,0.00010604316482433781,0
2026-09-16 13:33:00,0.00010471341920147759,0
2026-09-16 13:34:00,0.0004924693935706937,0
2026-09-16 13:35:00,0.00016383381998828837,0
2026-09-16 13:36:00,0.0005996207609671896,0
2026-09-16 13:37:00,6.746312563258299e-05,0
2026-09-16 13:38:00,0.000152736174935069,0
2026-09-16 13:39:00,3.059223890163364e-05,0
2026-09-16 13:40:00,0.0002673681400926111,0
2026-09-16 13:41:00,0.0001366966629231744,0
2026-09-16 13:42:00,6.145332391515438e-05,0
2026-09-16 13:43:00,8.49818132845756e-05,0
2026-09-16 13:44:00,0.00017966919608576108,0
2026-09-16 13:45:00,0.000229925969553339,0
2026-09-16 13:46:00,0.0004476184800835418,0
2026-09-16 13:47:00,0.00015376080965079911,0
2026-09-16 13:48:00,0.00012065304050257793,0
2026-09-16 13:49:00,0.00031783778477124106,0
2026-09-16 13:50:00,0.00021877299372343137,0
2026-09-16 13:51:00,0.00037231099331470484,0
2026-09-16 13:52:00,0.00045611702797972967,0
2026-09-16 13:53:00,0.0008464689990005991,0
2026-09-16 13:54:00,8.530650547850892e-05,0
2026-09-16 13:55:00,0.0006071790556927838,0
2026-09-16 13:56:00,0.00035627041382599203,0
2026-09-16 13:57:00,0.0008208048738181196,0
2026-09-16 13:58:00,0.00395952405826062,0
2026-09-16 13:59:00,0.0006579567931246236,0
2026-09-16 14:00:00,0.02271520324034701,0
2026-09-16 14:01:00,7.746608401861334e-05,0
2026-09-16 14:02:00,0.00028247492897443287,0
2026-09-16 14:03:00,0.00043623993112570626,0
2026-09-16 14:04:00,8.742507378989738e-05,0
2026-09-16 14:05:00,0.0016995693858304736,0
2026-09-16 14:06:00,0.00017202408237779648,0
2026-09-16 14:07:00,0.0006577360732040177,0
2026-09-16 14:08:00,0.00037267112777251954,0
2026-09-16 14:09:00,0.0010564134399791425,0
2026-09-16 14:10:00,0.0015475424778771904,0
2026-09-16 14:11:00,0.0002785569582283785,0
2026-09-16 14:12:00,0.0002883605941817622,0
2026-09-16 14:13:00,5.290178310752818e-05,0
2026-09-16 14:14:00,0.0008359660286261052,0
2026-09-16 14:15:00,0.0001685599471545152,0
2026-09-16 14:16:00,0.0004529193610170896,0
2026-09-16 14:17:00,7.569169507555276e-05,0
2026-09-16 14:18:00,0.00014541210072548176,0
2026-09-16 14:19:00,0.0003418832366167995,0
2026-09-16 14:20:00,0.00015290122444935533,0
2026-09-16 14:21:00,0.0001498638884751329,0
2026-09-16 14:22:00,5.008131552156387e-05,0
2026-09-16 14:23:00,0.00044321235745745145,0
2026-09-16 14:24:00,0.00024590309313246784,0
2026-09-16 14:25:00,0.007375776872462799,0
2026-09-16 14:26:00,0.0007156885956668507,0
2026-09-16 14:27:00,0.0006911245583027002,0
2026-09-16 14:28:00,0.0002560549115798723,0
2026-09-16 14:29:00,0.00012981630457272305,0
2026-09-16 14:30:00,0.012643527325386449,1
2026-09-16 14:31:00,0.9840428848383296,1
2026-09-16 14:32:00,0.7820819551217452,1
2026-09-16 14:33:00,0.9943921277742919,1
2026-09-16 14:34:00,0.9974180233075778,1
2026-09-16 14:35:00,0.9968393199600009,1
2026-09-16 14:36:00,0.9982292613407703,1
2026-09-16 14:37:00,0.9871832248831248,1
2026-09-16 14:38:00,0.9686030205083872,1
2026-09-16 14:39:00,0.9953457132426794,1
2026-09-16 14:40:00,0.7497997740459806,1
2026-09-16 14:41:00,0.5758433388581917,1
2026-09-16 14:42:00,0.94671750458985,1
2026-09-16 14:43:00,0.09077085854811515,1
2026-09-16 14:44:00,0.9228717716580374,0
2026-09-16 14:45:00,0.021446225405105365,0
2026-09-16 14:46:00,0.0026258747781797206,0
2026-09-16 14:47:00,0.0035132704876627177,0
2026-09-16 14:48:00,0.0022751020641513914,0
2026-09-16 14:49:00,0.0018907937857376995,0
2026-09-16 14:50:00,0.0012769365455933114,0
2026-09-16 14:51:00,0.012173739833959519,0
2026-09-16 14:52:00,0.002252699561844941,0
2026-09-16 14:53:00,0.0016879344753626077,0
2026-09-16 14:54:00,0.0035806825147184007,0
2026-09-16 14:55:00,0.0037277243960354783,0
2026-09-16 14:56:00,0.0023168390951228347,0
2026-09-16 14:57:00,0.0127530791609824,0
2026-09-16 14:58:00,0.001715860332742079,0
2026-09-16 14:59:00,0.002232956535707882,0
2026-09-16 15:00:00,0.001218143163397295,0
2026-09-16 15:01:00,0.0025867868389759887,0
2026-09-16 15:02:00,0.0004640371844497211,0
2026-09-16 15:03:00,0.02050827918803257,0
2026-09-16 15:04:00,0.0009034969167046902,0
2026-09-16 15:05:00,0.013603493001903161,0
2026-09-16 15:06:00,0.001755565457294733,0
2026-09-16 15:07:00,0.010432825657374183,0
2026-09-16 15:08:00,0.0006608965237845484,0
2026-09-16 15:09:00,0.0015202090150146822,0
2026-09-16 15:10:00,0.00017997027747313762,0
2026-09-16 15:11:00,0.002010568962093673,0
2026-09-16 15:12:00,0.0005607160928197627,0
2026-09-16 15:13:00,0.0029728418190033052,0
2026-09-16 15:14:00,0.000372384144807769,0
2026-09-16 15:15:00,0.00754263550812202,0
2026-09-16 15:16:00,0.00032141578993356894,0
2026-09-16 15:17:00,0.0009788453447522362,0
2026-09-16 15:18:00,0.0001274994700525387,0
2026-09-16 15:19:00,0.00023394970398382643,0
2026-09-16 15:20:00,0.00018051858338620177,0
2026-09-16 15:21:00,0.00029887961345962386,0
2026-09-16 15:22:00,0.00012349261918349005,0
2026-09-16 15:23:00,8.683369714444436e-05,0
2026-09-16 15:24:00,0.00017743769534188524,0
2026-09-16 15:25:00,0.00018988999925389035,0
2026-09-16 15:26:00,0.00011133786742526658,0
2026-09-16 15:27:00,0.00014670841897209265,0
2026-09-16 15:28:00,0.0002577823374649757,0
2026-09-16 15:29:00,0.00020903266165887296,0
2026-09-16 15:30:00,0.0004484259293764086,0
2026-09-16 15:31:00,0.00032905948732438265,0
2026-09-16 15:32:00,0.000954252652377319,0
2026-09-16 15:33:00,0.00033348869429154933,0
2026-09-16 15:34:00,0.005692250322515336,0
2026-09-16 15:35:00,0.0024389131340011774,0
2026-09-16 15:36:00,0.0007714972644424264,0
2026-09-16 15:37:00,0.0008870405229138345,0
2026-09-16 15:38:00,0.0003890044490872741,0
2026-09-16 15:39:00,0.0013596281859712589,0
2026-09-16 15:40:00,0.00014334512408720234,0
2026-09-16 15:41:00,0.004204631331136793,0
2026-09-16 15:42:00,0.0006631992984319192,0
2026-09-16 15:43:00,0.0001315311755574489,0
2026-09-16 15:44:00,0.005380600215851341,0
2026-09-16 15:45:00,0.0006364586610282877,0
2026-09-16 15:46:00,0.00030613716228298463,0
2026-09-16 15:47:00,8.477699492845733e-05,0
2026-09-16 15:48:00,0.00010370084105766695,0
2026-09-16 15:49:00,0.00044881586309151946,0
2026-09-16 15:50:00,0.0007566703951089561,0
2026-09-16 15:51:00,0.0014372551148323905,0
2026-09-16 15:52:00,0.0006072340684732611,0
2026-09-16 15:53:00,0.000174994601678553,0
2026-09-16 15:54:00,0.0007138453734872782,0
2026-09-16 15:55:00,0.0003962466095434143,0
2026-09-16 15:56:00,0.00015994699653189455,0
2026-09-16 15:57:00,0.0029182185537137443,0
2026-09-16 15:58:00,0.00019173356565534228,0
2026-09-16 15:59:00,0.000760698015633884,0
2026-09-16 16:00:00,7.186666186339924e-05,0
2026-09-16 16:01:00,0.00011119726508988418,0
2026-09-16 16:02:00,0.000122869375523807,0
2026-09-16 16:03:00,0.002161552499443678,0
2026-09-16 16:04:00,0.00016662268197791078,0
2026-09-16 16:05:00,0.0023658368944222672,0
2026-09-16 16:06:00,9.513807973198405e-05,0
2026-09-16 16:07:00,0.00021564437418080195,0
2026-09-16 16:08:00,6.876036589760648e-05,0
2026-09-16 16:09:00,9.452187862471754e-05,0
2026-09-16 16:10:00,0.0001718066249718027,0
2026-09-16 16:11:00,0.0001520967734173929,0
2026-09-16 16:12:00,0.00015659415951816124,0
2026-09-16 16:13:00,0.0001256087853221399,0
2026-09-16 16:14:00,5.435877344633922e-05,0
2026-09-16 16:15:00,0.0012622746858958203,0
2026-09-16 16:16:00,9.325770118799947e-05,0
2026-09-16 16:17:00,0.0012485402025693274,0
2026-09-16 16:18:00,0.0001046813864095905,0
2026-09-16 16:19:00,6.386172199934707e-05,0
2026-09-16 16:20:00,0.0015208088587699844,0
2026-09-16 16:21:00,0.0003100345884471113,0
2026-09-16 16:22:00,0.00046065070929216087,0
2026-09-16 16:23:00,0.003002552223366406,0
2026-09-16 16:24:00,7.14692823907317e-05,0
2026-09-16 16:25:00,0.006502328318394837,0
2026-09-16 16:26:00,0.00106544146742507,0
2026-09-16 16:27:00,0.0032064261931478697,0
2026-09-16 16:28:00,0.005777997504571483,0
2026-09-16 16:29:00,0.002892837118643204,0
2026-09-16 16:30:00,0.0009479280694537361,0
2026-09-16 16:31:00,0.0009619620936290721,0
2026-09-16 16:32:00,0.0005869496586828559,0
2026-09-16 16:33:00,0.0005998437047354594,0
2026-09-16 16:34:00,0.0010280265479988406,0
2026-09-16 16:35:00,0.0005735698642463619,0
2026-09-16 16:36:00,0.0028052404651889118,0
2026-09-16 16:37:00,0.0004677203459624856,0
2026-09-16 16:38:00,0.00032514387916474666,0
2026-09-16 16:39:00,0.0005280297394277477,0
2026-09-16 16:40:00,0.0001109663141932267,0
2026-09-16 16:41:00,7.766915243672517e-05,0
2026-09-16 16:42:00,0.0008803769957664843,0
2026-09-16 16:43:00,0.000589889731814057,0
2026-09-16 16:44:00,0.00017361559757457634,0
2026-09-16 16:45:00,0.001181540324199622,0
2026-09-16 16:46:00,0.00019795536196051707,0
2026-09-16 16:47:00,0.0002669037038771656,0
2026-09-16 16:48:00,0.0011822675843486793,0
2026-09-16 16:49:00,0.00012923611145103535,0
2026-09-16 16:50:00,0.0030082169931298433,0
2026-09-16 16:51:00,0.00025991919289537416,0
2026-09-16 16:52:00,0.0013518831502022976,0
2026-09-16 16:53:00,0.0002996430062767215,0
2026-09-16 16:54:00,0.0032190363637881556,0
2026-09-16 16:55:00,0.00025660597496238917,0
2026-09-16 16:56:00,0.0002375724565380682,0
2026-09-16 16:57:00,8.865687551231195e-05,0
2026-09-16 16:58:00,0.0011687292664612314,0
2026-09-16 16:59:00,0.0005275192471826703,0
2026-09-16 17:00:00,0.0002656743792054962,0
2026-09-16 17:01:00,0.00016322879751393333,0
2026-09-16 17:02:00,0.0004721630653404958,0
2026-09-16 17:03:00,0.0001944502195237192,0
2026-09-16 17:04:00,0.0005003202026923759,0
2026-09-16 17:05:00,0.00033807523493234074,0
2026-09-16 17:06:00,0.00014155782883938848,0
2026-09-16 17:07:00,0.0008667282738473862,0
2026-09-16 17:08:00,0.0012801732716104198,0
2026-09-16 17:09:00,0.00019602256853529728,0
2026-09-16 17:10:00,0.0002124643783418125,0
2026-09-16 17:11:00,0.009983944878023883,0
2026-09-16 17:12:00,0.0008151707085640682,0
2026-09-16 17:13:00,0.002013004526450953,0
2026-09-16 17:14:00,0.0003645077586204373,0
2026-09-16 17:15:00,0.0002172634617245217,0
2026-09-16 17:16:00,0.004510287699717189,0
2026-09-16 17:17:00,0.003131850846162876,0
2026-09-16 17:18:00,0.001225036341020301,0
2026-09-16 17:19:00,0.00035044105241528864,0
2026-09-16 17:20:00,0.022533562391189397,0
2026-09-16 17:21:00,0.006934746213616172,0
2026-09-16 17:22:00,0.0004243215629976019,0
2026-09-16 17:23:00,0.002128340462228469,0
2026-09-16 17:24:00,0.001132245586591295,0
2026-09-16 17:25:00,0.002700391990930544,0
2026-09-16 17:26:00,0.002058405666322084,0
2026-09-16 17:27:00,0.004263762006973952,0
2026-09-16 17:28:00,0.002809042656618153,0
2026-09-16 17:29:00,0.02126012989430052,0
2026-09-16 17:30:00,0.002686400379727389,0
2026-09-16 17:31:00,0.04081251563603588,0
2026-09-16 17:32:00,0.0026053181536848952,0
2026-09-16 17:33:00,0.004538332990853306,0
2026-09-16 17:34:00,0.005788703926877412,0
2026-09-16 17:35:00,0.0064730438810900294,0
2026-09-16 17:36:00,0.003442181077276931,0
2026-09-16 17:37:00,0.0007405382142753285,0
2026-09-16 17:38:00,0.0012896844208598816,0
2026-09-16 17:39:00,0.00035368381289705575,0
2026-09-16 17:40:00,0.018461780401892385,0
2026-09-16 17:41:00,0.0019520286172994743,0
2026-09-16 17:42:00,0.004940998698712182,0
2026-09-16 17:43:00,0.02744234296939244,0
2026-09-16 17:44:00,0.0013881471272937922,0
2026-09-16 17:45:00,0.004843414189287761,0
2026-09-16 17:46:00,0.0012893477858137244,0
2026-09-16 17:47:00,0.0009738744509408462,0
2026-09-16 17:48:00,0.0009510650003388134,0
2026-09-16 17:49:00,0.0002484169661787333,0
2026-09-16 17:50:00,0.0034345573451896906,0
2026-09-16 17:51:00,0.0007576196055951851,0
2026-09-16 17:52:00,0.0007067681149485553,0
2026-09-16 17:53:00,0.0007916342734375181,0
2026-09-16 17:54:00,0.003569152723227989,0
2026-09-16 17:55:00,0.0003931776476697237,0
2026-09-16 17:56:00,0.05121942875752664,0
2026-09-16 17:57:00,0.003638976362699536,0
2026-09-16 17:58:00,0.0006729248905241733,0
2026-09-16 17:59:00,0.009388413556858767,0
2026-09-16 18:00:00,0.005294869968059871,0
2026-09-16 18:01:00,0.0007474569180503989,0
2026-09-16 18:02:00,0.0033320055745033037,0
2026-09-16 18:03:00,0.0007277376869475596,0
2026-09-16 18:04:00,0.009802820937026583,0
2026-09-16 18:05:00,0.0010795834119244308,0
2026-09-16 18:06:00,0.003806750024571063,0
2026-09-16 18:07:00,0.0012145225394456344,0
2026-09-16 18:08:00,0.0005285103367868267,0
2026-09-16 18:09:00,0.002395801969768105,0
2026-09-16 18:10:00,0.0017352928732351511,0
2026-09-16 18:11:00,0.00016219735125721157,0
2026-09-16 18:12:00,0.0002761069195392765,0
2026-09-16 18:13:00,0.00014584087235298615,0
2026-09-16 18:14:00,0.001682542265728002,0
2026-09-16 18:15:00,0.00028322944109658034,0
2026-09-16 18:16:00,0.0002114365710047133,0
2026-09-16 18:17:00,0.0013140522980355856,0
2026-09-16 18:18:00,0.0036774996838931017,0
2026-09-16 18:19:00,0.002944198067354209,0
2026-09-16 18:20:00,0.00020165992033114062,0
2026-09-16 18:21:00,0.00031778308741238563,0
2026-09-16 18:22:00,8.969855293196075e-05,0
2026-09-16 18:23:00,0.0002774039885289037,0
2026-09-16 18:24:00,0.00042908155479668564,0
2026-09-16 18:25:00,0.0010559112925755682,0
2026-09-16 18:26:00,0.0020070888365620277,0
2026-09-16 18:27:00,0.0008145984205466977,0
2026-09-16 18:28:00,0.000692393555786103,0
2026-09-16 18:29:00,0.0017013162481001906,0
2026-09-16 18:30:00,0.00015762362100238137,0
2026-09-16 18:31:00,0.000602443430600622,0
2026-09-16 18:32:00,0.008026723651630655,0
2026-09-16 18:33:00,0.0015942468875986197,0
2026-09-16 18:34:00,0.02729178171994032,0
2026-09-16 18:35:00,0.00014195554382386932,0
2026-09-16 18:36:00,0.0032864588614343873,0
2026-09-16 18:37:00,0.00012114909242540033,0
2026-09-16 18:38:00,0.0006092083533567341,0
2026-09-16 18:39:00,0.00010537048230018575,0
2026-09-16 18:40:00,0.00019491104148933988,0
2026-09-16 18:41:00,0.0008539065576029177,0
2026-09-16 18:42:00,0.0007863896391501816,0
2026-09-16 18:43:00,0.00011210802143720571,0
2026-09-16 18:44:00,0.00017213580160196118,0
2026-09-16 18:45:00,0.0032803568749140005,0
2026-09-16 18:46:00,0.00010992763029733381,0
2026-09-16 18:47:00,9.192410352300577e-05,0
2026-09-16 18:48:00,0.00021345606499644453,0
2026-09-16 18:49:00,9.037502411730645e-05,0
2026-09-16 18:50:00,6.292802916523782e-05,0
2026-09-16 18:51:00,0.00027611600895516666,0
2026-09-16 18:52:00,9.1695690665095e-05,0
2026-09-16 18:53:00,4.6987913685781625e-05,0
2026-09-16 18:54:00,7.8921222645093e-05,0
2026-09-16 18:55:00,5.541201755161474e-05,0
2026-09-16 18:56:00,0.0004421513685094077,0
2026-09-16 18:57:00,0.0008023692769210191,0
2026-09-16 18:58:00,7.573944718212351e-05,0
2026-09-16 18:59:00,0.0008626072552089727,0
2026-09-16 19:00:00,4.938290310737498e-05,0
2026-09-16 19:01:00,0.0001946530888031327,0
2026-09-16 19:02:00,5.308824257843808e-05,0
2026-09-16 19:03:00,0.00012003799475312325,0
2026-09-16 19:04:00,0.00012715888272204768,0
2026-09-16 19:05:00,0.0007847377296831597,0
2026-09-16 19:06:00,0.0006145548752458495,0
2026-09-16 19:07:00,0.00034989264808128317,0
2026-09-16 19:08:00,0.0002208265727082443,0
2026-09-16 19:09:00,0.0002874915927281479,0
2026-09-16 19:10:00,0.0004036000322137632,0
2026-09-16 19:11:00,0.0015305904619664623,0
2026-09-16 19:12:00,0.0007267797438944558,0
2026-09-16 19:13:00,0.00022973236503101945,0
2026-09-16 19:14:00,0.0004988351713479873,0
2026-09-16 19:15:00,0.0002133804510339481,0
2026-09-16 19:16:00,0.00020499936661993076,0
2026-09-16 19:17:00,0.0008337370066671621,0
2026-09-16 19:18:00,9.623393979723978e-05,0
2026-09-16 19:19:00,0.00041486265658716224,0
2026-09-16 19:20:00,0.0003554158490615886,0
2026-09-16 19:21:00,0.00028221634193785337,0
2026-09-16 19:22:00,0.00012836659931588214,0
2026-09-16 19:23:00,0.000487273431089109,0
2026-09-16 19:24:00,0.00015638980093367956,0
2026-09-16 19:25:00,0.0006362915395506769,0
2026-09-16 19:26:00,0.0003914092549671565,0
2026-09-16 19:27:00,0.0005297937554919186,0
2026-09-16 19:28:00,0.00031000307813894187,0
2026-09-16 19:29:00,0.0004152607362708946,0
2026-09-16 19:30:00,0.00018676874408062835,0
2026-09-16 19:31:00,0.0008126689207979782,0
2026-09-16 19:32:00,0.0010370167590046993,0
2026-09-16 19:33:00,0.0006520211561196382,0
2026-09-16 19:34:00,0.00015422653884726326,1
2026-09-16 19:35:00,0.9825030805761086,1
2026-09-16 19:36:00,0.9994625136039942,1
2026-09-16 19:37:00,0.9991644153159834,1
2026-09-16 19:38:00,0.9998482259354297,1
2026-09-16 19:39:00,0.9994467140349941,1
2026-09-16 19:40:00,0.9993704736424496,1
2026-09-16 19:41:00,0.9996705983351586,1
2026-09-16 19:42:00,0.9997146934446736,1
2026-09-16 19:43:00,0.9995801875272922,1
2026-09-16 19:44:00,0.9993376358692224,1
2026-09-16 19:45:00,0.99983290016913,1
2026-09-16 19:46:00,0.9994964234517497,0
2026-09-16 19:47:00,0.4701548473102576,0
2026-09-16 19:48:00,0.43685358350921666,0
2026-09-16 19:49:00,0.003064300036289759,0
2026-09-16 19:50:00,0.0017807339634885243,0
2026-09-16 19:51:00,0.00027485314058474754,0
2026-09-16 19:52:00,0.0003471892879714535,0
2026-09-16 19:53:00,0.000679072566450752,0
2026-09-16 19:54:00,0.0007058390575733307,0
2026-09-16 19:55:00,0.0001361476174895695,0
2026-09-16 19:56:00,0.0021772256399563363,0
2026-09-16 19:57:00,0.00034104460478235184,0
2026-09-16 19:58:00,0.0055650373970245895,0
2026-09-16 19:59:00,0.00027993805361105773,0
2026-09-16 20:00:00,0.00042923726661637433,0
2026-09-16 20:01:00,2.417888707537937e-05,0
2026-09-16 20:02:00,0.0002424417926018848,0
2026-09-16 20:03:00,0.0009049450418631948,0
2026-09-16 20:04:00,0.001147023688877746,0
2026-09-16 20:05:00,0.00022607477372138022,0
2026-09-16 20:06:00,0.000491267801463242,0
2026-09-16 20:07:00,0.000398702352600278,0
2026-09-16 20:08:00,3.141607174693803e-05,0
2026-09-16 20:09:00,0.0034140108928436778,0
2026-09-16 20:10:00,0.0009728586610065958,0
2026-09-16 20:11:00,0.0004744909345704805,0
2026-09-16 20:12:00,8.205485093784902e-05,0
2026-09-16 20:13:00,0.0005782020130944771,0
2026-09-16 20:14:00,7.755038536705183e-05,0
2026-09-16 20:15:00,0.0005738624473061997,0
2026-09-16 20:16:00,0.00012957307004746963,0
2026-09-16 20:17:00,0.0013005513481919291,0
2026-09-16 20:18:00,8.064619092860034e-05,0
2026-09-16 20:19:00,0.000473617845779589,0
2026-09-16 20:20:00,0.00010040958891528837,0
2026-09-16 20:21:00,6.66505250253781e-05,0
2026-09-16 20:22:00,4.422179660561932e-05,0
2026-09-16 20:23:00,0.00012352581414594842,0
2026-09-16 20:24:00,0.005976787250617392,0
2026-09-16 20:25:00,0.002189482828658311,0
2026-09-16 20:26:00,8.910667147436555e-05,0
2026-09-16 20:27:00,6.607529766547017e-05,0
2026-09-16 20:28:00,0.0009448566058351377,0
2026-09-16 20:29:00,0.000718343858243414,0
2026-09-16 20:30:00,9.209126214755248e-05,0
2026-09-16 20:31:00,0.00012170103715968534,0
2026-09-16 20:32:00,0.0003437323140082664,0
2026-09-16 20:33:00,0.00011886060726634192,0
2026-09-16 20:34:00,0.0005248299212362508,0
2026-09-16 20:35:00,7.029942486826981e-05,0
2026-09-16 20:36:00,0.0004299615980408513,0
2026-09-16 20:37:00,0.0001752380354781179,0
2026-09-16 20:38:00,0.0006685885481822574,0
2026-09-16 20:39:00,0.00015382146075267663,0
2026-09-16 20:40:00,0.00036646486384459345,0
2026-09-16 20:41:00,0.0003249887592661511,0
2026-09-16 20:42:00,0.002588919177105851,0
2026-09-16 20:43:00,0.016004041741908646,0
2026-09-16 20:44:00,0.0005704947125115742,0
2026-09-16 20:45:00,0.00028563144475696336,0
2026-09-16 20:46:00,0.0005894850329281479,0
2026-09-16 20:47:00,0.0014756694876202196,0
2026-09-16 20:48:00,0.00018305380243384102,0
2026-09-16 20:49:00,0.00022834204282890598,0
2026-09-16 20:50:00,0.0009452849197968124,0
2026-09-16 20:51:00,0.019018097067389925,0
2026-09-16 20:52:00,0.00024167296192006355,0
2026-09-16 20:53:00,0.0003941410917028439,0
2026-09-16 20:54:00,0.0012875357336297002,0
2026-09-16 20:55:00,0.00253935639170799,0
2026-09-16 20:56:00,0.0011361613134164659,0
2026-09-16 20:57:00,0.001004018963564943,0
2026-09-16 20:58:00,0.00021310438760289283,0
2026-09-16 20:59:00,0.00018352795686581394,0
2026-09-16 21:00:00,0.018698617460644162,0
2026-09-16 21:01:00,0.0015893685866596782,0
2026-09-16 21:02:00,0.0011356452145145253,0
2026-09-16 21:03:00,0.0005677163228068663,0
2026-09-16 21:04:00,0.0028446214932231176,0
2026-09-16 21:05:00,0.0018257735604973661,0
2026-09-16 21:06:00,0.001454777894695243,0
2026-09-16 21:07:00,0.0004988011839983125,0
2026-09-16 21:08:00,0.00052692854001599,0
2026-09-16 21:09:00,0.0008326556741267496,0
2026-09-16 21:10:00,0.004939324775361053,0
2026-09-16 21:11:00,0.004472631275704893,0
2026-09-16 21:12:00,0.00024310112701279182,0
2026-09-16 21:13:00,0.0004330450127549188,0
2026-09-16 21:14:00,0.0004347030389181318,0
2026-09-16 21:15:00,0.0002958531123445149,0
2026-09-16 21:16:00,0.0006004651053226967,0
2026-09-16 21:17:00,0.00040527634718674023,0
2026-09-16 21:18:00,0.00037067241397892005,0
2026-09-16 21:19:00,0.007280217686819051,0
2026-09-16 21:20:00,0.001193328185944998,0
2026-09-16 21:21:00,0.00024082676032871506,0
2026-09-16 21:22:00,9.939256435305397e-05,0
2026-09-16 21:23:00,0.004748675878599487,0
2026-09-16 21:24:00,0.00022690389274137147,0
2026-09-16 21:25:00,0.0015918104675289812,0
2026-09-16 21:26:00,0.00035604024279865094,0
2026-09-16 21:27:00,0.00026341752909741974,0
2026-09-16 21:28:00,0.0017046707788492697,0
2026-09-16 21:29:00,0.001430330464359046,0
2026-09-16 21:30:00,0.00015380021082151405,0
2026-09-16 21:31:00,0.009020982042659872,0
2026-09-16 21:32:00,0.0068622771529237795,0
2026-09-16 21:33:00,0.0003773860985274879,0
2026-09-16 21:34:00,0.00817800406863207,0
2026-09-16 21:35:00,0.0029060173383224632,0
2026-09-16 21:36:00,0.0022701155202201006,0
2026-09-16 21:37:00,0.01122747005635439,0
2026-09-16 21:38:00,0.027064565842327453,0
2026-09-16 21:39:00,0.0006427401424580829,0
2026-09-16 21:40:00,0.06529149385494583,0
2026-09-16 21:41:00,0.0002382915005096493,0
2026-09-16 21:42:00,0.00017480854779910283,0
2026-09-16 21:43:00,0.00038585546079166356,0
2026-09-16 21:44:00,0.000673023511192116,0
2026-09-16 21:45:00,0.00016989640195586844,0
2026-09-16 21:46:00,0.00012994891617999627,0
2026-09-16 21:47:00,0.0006987684009764731,0
2026-09-16 21:48:00,0.0036964864070045435,0
2026-09-16 21:49:00,0.01493840471581711,0
2026-09-16 21:50:00,0.00019842312123010786,0
2026-09-16 21:51:00,0.0007151075842629247,0
2026-09-16 21:52:00,0.011609668115239525,0
2026-09-16 21:53:00,0.0027408385324131732,0
2026-09-16 21:54:00,0.0005249194889674593,0
2026-09-16 21:55:00,0.013351485830674666,0
2026-09-16 21:56:00,0.0963238446753405,0
2026-09-16 21:57:00,0.010456524036281308,0
2026-09-16 21:58:00,0.041117290581371445,0
2026-09-16 21:59:00,0.17393366469971758,0
2026-09-16 22:00:00,0.021661515247641688,0
2026-09-16 22:01:00,0.11314199616351628,0
2026-09-16 22:02:00,0.05984340153296257,0
2026-09-16 22:03:00,0.12267236060199102,0
2026-09-16 22:04:00,0.0020167224589450325,0
2026-09-16 22:05:00,0.007481094675903138,0
2026-09-16 22:06:00,0.002414491250428861,0
2026-09-16 22:07:00,0.09257700985631141,0
2026-09-16 22:08:00,0.05144298891331307,0
2026-09-16 22:09:00,0.045463810146764226,0
2026-09-16 22:10:00,0.0004101810305635038,0
2026-09-16 22:11:00,0.010406638014671787,0
2026-09-16 22:12:00,0.03006393897523881,0
2026-09-16 22:13:00,0.008376726007488452,0
2026-09-16 22:14:00,0.003255436142800507,0
2026-09-16 22:15:00,0.043538423725625996,0
2026-09-16 22:16:00,0.027274250433571512,0
2026-09-16 22:17:00,0.002105976606048554,0
2026-09-16 22:18:00,0.009179206556930964,0
2026-09-16 22:19:00,0.023070480554423234,0
2026-09-16 22:20:00,0.2165960934426225,0
2026-09-16 22:21:00,0.021952888365502212,0
2026-09-16 22:22:00,0.009109621830505453,0
2026-09-16 22:23:00,0.008820374979971672,0
2026-09-16 22:24:00,0.030971231648887022,0
2026-09-16 22:25:00,0.012025421892219449,0
2026-09-16 22:26:00,0.03831925478629379,0
2026-09-16 22:27:00,0.010747388862767772,0
2026-09-16 22:28:00,0.0028293063050679836,0
2026-09-16 22:29:00,0.02079318203841405,0
2026-09-16 22:30:00,0.05791980323918262,0
2026-09-16 22:31:00,0.026853327878649948,0
2026-09-16 22:32:00,0.040591543088997865,0
2026-09-16 22:33:00,0.1485880254289565,0
2026-09-16 22:34:00,0.09310807161587573,0
2026-09-16 22:35:00,0.056215075924800115,0
2026-09-16 22:36:00,0.136668460390235,0
2026-09-16 22:37:00,0.23109012103152585,0
2026-09-16 22:38:00,0.09783280466184979,0
2026-09-16 22:39:00,0.03701968290227363,0
2026-09-16 22:40:00,0.07538972641980322,0
2026-09-16 22:41:00,0.22556657557682072,0
2026-09-16 22:42:00,0.07700094212893402,0
2026-09-16 22:43:00,0.01532066990883801,0
2026-09-16 22:44:00,0.32292527853791414,0
2026-09-16 22:45:00,0.31734092914804546,0
2026-09-16 22:46:00,0.3902388286549479,0
2026-09-16 22:47:00,0.15784272603383,0
2026-09-16 22:48:00,0.11755841763742017,0
2026-09-16 22:49:00,0.01409957881879959,0
2026-09-16 22:50:00,0.00421055162057399,0
2026-09-16 22:51:00,0.03947295012272615,0
2026-09-16 22:52:00,0.015142575187485477,0
2026-09-16 22:53:00,0.052694848424600114,0
2026-09-16 22:54:00,0.044041160346304946,0
2026-09-16 22:55:00,0.028664718918477727,0
2026-09-16 22:56:00,0.020447159127358196,0
2026-09-16 22:57:00,0.05677951769900693,0
2026-09-16 22:58:00,0.02622914973006454,0
2026-09-16 22:59:00,0.024218040116896072,0
2026-09-16 23:00:00,0.0118690173475481,0
2026-09-16 23:01:00,0.018024307079480814,0
2026-09-16 23:02:00,0.10925708477059037,0
2026-09-16 23:03:00,0.02590252807166128,0
2026-09-16 23:04:00,0.029843193504041906,0
2026-09-16 23:05:00,0.024403779744049246,0
2026-09-16 23:06:00,0.006763792051715973,0
2026-09-16 23:07:00,0.0042740773334842734,0
2026-09-16 23:08:00,0.026607501139924303,0
2026-09-16 23:09:00,0.008306159095990057,0
2026-09-16 23:10:00,0.005161180979869913,0
2026-09-16 23:11:00,0.03723835703882526,0
2026-09-16 23:12:00,0.034488271086139624,0
2026-09-16 23:13:00,0.046692471757420535,0
2026-09-16 23:14:00,0.029069383504226515,0
2026-09-16 23:15:00,0.13818337096451475,0
2026-09-16 23:16:00,0.15835623046404043,0
2026-09-16 23:17:00,0.025170950747944287,0
2026-09-16 23:18:00,0.03212397505373182,0
2026-09-16 23:19:00,0.021523209681432686,0
2026-09-16 23:20:00,0.038462551245135715,0
2026-09-16 23:21:00,0.038129759846592365,0
2026-09-16 23:22:00,0.023626242036970578,0
2026-09-16 23:23:00,0.0008643032147284618,0
2026-09-16 23:24:00,0.0013788172225196833,0
2026-09-16 23:25:00,0.056127377937357184,0
2026-09-16 23:26:00,0.03205426740089784,0
2026-09-16 23:27:00,0.05748452323891579,0
2026-09-16 23:28:00,0.03408327943460896,0
2026-09-16 23:29:00,0.029966195898820516,0
2026-09-16 23:30:00,0.025277610363456837,0
2026-09-16 23:31:00,0.05010035290313497,0
2026-09-16 23:32:00,0.10948446259715915,0
2026-09-16 23:33:00,0.0006191729520284048,0
2026-09-16 23:34:00,0.12750718748768458,0
2026-09-16 23:35:00,0.2878552835235762,0
2026-09-16 23:36:00,0.03195649803550487,0
2026-09-16 23:37:00,0.015902547439878956,0
2026-09-16 23:38:00,0.005800144571453834,0
2026-09-16 23:39:00,0.02326588459732217,0
2026-09-16 23:40:00,0.01446529515422318,0
2026-09-16 23:41:00,0.006394071622294147,0
2026-09-16 23:42:00,0.0024230565064150777,0
2026-09-16 23:43:00,0.01303767685547277,0
2026-09-16 23:44:00,0.0011176940609114838,0
2026-09-16 23:45:00,0.11616585293050355,0
2026-09-16 23:46:00,0.011639088488149003,0
2026-09-16 23:47:00,0.005405966873259296,0
2026-09-16 23:48:00,0.00037636769798930547,0
2026-09-16 23:49:00,0.08122219875013624,0
2026-09-16 23:50:00,0.06367027462194473,0
2026-09-16 23:51:00,0.0007553083184895041,0
2026-09-16 23:52:00,0.0168167658117762,0
2026-09-16 23:53:00,0.010524498797170222,0
2026-09-16 23:54:00,0.028702645221865185,0
2026-09-16 23:55:00,0.001617561398823348,0
2026-09-16 23:56:00,0.00030596615024392306,0
2026-09-16 23:57:00,0.0002626533706149143,0
2026-09-16 23:58:00,0.00021378923100930208,0
