elapsed_s,events_processed,throughput_eps,minutes_processed,backlog_total,latency_ms_p50,latency_ms_p95,backlog_window,backlog_merge,backlog_anomaly,backlog_ml,backlog_sink
1.02,0,0.0,0,0,0.0,0.0,0,0,0,0,0
2.03,0,0.0,0,0,0.0,0.0,0,0,0,0,0
3.05,0,0.0,0,0,0.0,0.0,0,0,0,0,0
4.07,0,0.0,0,0,0.0,0.0,0,0,0,0,0
5.09,0,0.0,0,0,0.0,0.0,0,0,0,0,0
6.11,0,0.0,0,0,0.0,0.0,0,0,0,0,0
7.14,0,0.0,0,0,0.0,0.0,0,0,0,0,0
8.16,0,0.0,0,0,0.0,0.0,0,0,0,0,0
9.2,0,0.0,0,0,0.0,0.0,0,0,0,0,0
10.21,0,0.0,0,0,0.0,0.0,0,0,0,0,0
11.24,0,0.0,0,0,0.0,0.0,0,0,0,0,0
12.25,0,0.0,0,0,0.0,0.0,0,0,0,0,0
13.26,0,0.0,0,0,0.0,0.0,0,0,0,0,0
14.26,0,0.0,0,0,0.0,0.0,0,0,0,0,0
15.28,0,0.0,0,0,0.0,0.0,0,0,0,0,0
16.28,821,820.8,18,0,714.34,747.53,0,0,0,0,0
17.31,1247,415.4,37,11,739.83,1079.87,0,0,11,0,0
18.33,1883,621.2,64,12,1068.86,1111.85,0,0,12,0,0
19.34,2222,335.9,78,31,1090.86,1620.49,0,0,31,0,0
20.69,3169,704.8,118,36,1110.59,2082.79,0,0,36,0,0
21.69,3558,386.1,143,45,1443.01,2040.71,0,2,41,2,0
22.73,3601,41.6,152,55,1676.47,2136.15,0,0,55,0,0
23.73,4261,657.4,173,71,1735.6,2942.2,0,0,71,0,0
24.74,4543,278.8,181,93,1748.15,2986.05,0,0,93,0,0
25.75,5633,1077.0,208,99,1802.43,4001.24,0,0,99,0,0
26.76,6815,1180.6,233,103,1916.73,4002.13,0,0,103,0,0
27.76,8304,1479.9,263,104,2931.02,4182.26,0,0,104,0,0
28.8,10237,1869.9,296,102,3898.55,4182.26,0,0,102,0,0
29.81,12259,2002.6,326,103,3991.8,4182.26,0,0,103,0,0
30.83,14709,2395.8,359,100,4028.51,4187.26,0,0,100,0,0
31.83,16992,2267.2,388,101,4066.78,4187.26,0,0,101,0,0
32.85,19589,2545.9,419,102,4080.27,4187.26,0,0,102,0,0
33.86,22356,2754.6,449,100,4079.76,4181.15,0,0,100,0,0
34.86,25301,2932.3,480,99,4074.65,4131.79,0,0,99,0,0
35.88,29868,4471.9,512,100,4067.66,4134.15,1,0,99,0,0
36.89,32781,2886.6,542,97,4059.43,4088.23,0,0,97,0,0
37.89,35464,2681.5,573,98,4044.59,4087.61,0,0,98,0,0
38.89,38059,2594.7,604,97,4027.63,4084.85,0,0,97,0,0
39.9,40916,2838.7,635,96,3998.34,4066.16,0,0,96,0,0
40.92,44011,3039.0,666,96,3965.73,4044.11,0,0,96,0,0
41.93,47074,3035.5,699,93,3944.69,4022.7,0,0,93,0,0
42.94,49890,2786.6,732,91,3929.61,3994.09,0,0,91,0,0
43.95,52735,2807.0,765,89,3908.11,3966.86,0,0,89,0,0
44.96,55133,2376.3,796,87,3804.82,3946.49,0,0,87,0,0
45.96,57489,2353.3,828,85,3730.47,3939.3,0,0,85,0,0
46.97,59816,2315.9,860,83,3655.64,3894.95,0,0,83,0,0
47.98,62125,2279.6,894,80,3627.69,3774.62,0,0,80,0,0
48.99,64258,2123.6,926,79,3546.28,3719.11,0,0,79,0,0
49.99,66290,2018.9,957,79,3481.52,3647.38,0,0,79,0,0
51.0,68299,1994.3,988,78,3388.89,3615.53,0,0,78,0,0
52.01,70241,1922.6,1020,77,3328.3,3540.28,0,0,77,0,0
53.01,71471,1223.0,1052,74,3305.07,3463.44,0,0,74,0,0
54.02,73169,1696.8,1082,75,3249.09,3376.93,0,0,75,0,0
55.03,74823,1631.9,1112,77,3227.0,3326.35,1,0,76,0,0
56.03,76632,1806.8,1144,73,3211.39,3304.4,0,0,73,0,0
57.05,78231,1575.2,1175,72,3202.87,3248.66,0,0,72,0,0
58.05,79690,1451.8,1206,72,3174.65,3227.06,0,0,72,0,0
59.06,81139,1442.2,1237,75,3149.04,3227.06,0,0,75,0,0
60.07,82347,1189.1,1268,74,3135.37,3217.86,0,0,74,0,0
61.08,82710,360.4,1299,74,3110.23,3208.37,0,0,74,0,0
62.08,83665,952.4,1327,74,3105.81,3175.27,0,0,74,0,0
63.09,84573,899.0,1357,75,3105.81,3250.29,0,0,75,0,0
64.09,85393,817.0,1388,75,3105.81,3250.29,0,0,75,0,0
65.1,86161,765.8,1419,73,3168.4,3250.29,0,0,73,0,0
66.13,86870,688.0,1451,74,3172.15,3252.91,0,0,74,0,0
67.13,87541,669.0,1481,74,3171.77,3252.91,1,0,73,0,0
68.14,88309,758.9,1513,72,3171.46,3252.91,0,0,72,0,0
69.16,89230,908.4,1545,70,3159.75,3235.56,0,0,70,0,0
70.16,90959,1724.1,1577,67,3120.65,3196.81,0,0,67,0,0
71.17,92081,1110.3,1610,65,3099.38,3171.22,0,0,65,0,0
72.19,94241,2116.6,1642,64,3047.62,3148.71,0,0,64,0,0
73.2,95780,1521.1,1674,63,2972.25,3119.08,0,0,63,0,0
74.22,97404,1603.1,1705,63,2902.04,3095.56,0,0,63,0,0
75.33,99572,1947.8,1739,61,2846.5,3034.22,0,0,61,0,0
76.33,102151,2570.2,1770,59,2796.82,2969.19,0,0,59,0,0
77.34,105609,3436.2,1802,58,2771.85,2882.66,0,0,58,0,0
78.35,108078,2442.3,1833,58,2746.69,2840.85,0,0,58,0,0
79.35,110816,2727.5,1864,57,2693.85,2789.68,0,0,57,0,0
80.36,113892,3047.1,1896,54,2668.71,2774.72,0,0,54,0,0
81.37,117076,3166.4,1927,54,2633.22,2743.91,0,0,54,0,0
82.39,120135,3003.7,1957,55,2598.54,2690.65,0,0,55,0,0
83.41,123189,2997.6,1988,55,2555.33,2665.14,1,0,54,0,0
84.43,126456,3185.4,2020,53,2537.66,2634.58,1,0,52,0,0
85.45,129903,3374.9,2052,52,2517.21,2596.6,0,0,52,0,0
86.47,132652,2704.3,2081,52,2506.85,2555.03,0,0,52,0,0
87.48,135607,2909.7,2112,54,2483.07,2547.0,1,0,53,0,0
88.5,138369,2730.7,2142,53,2476.26,2547.0,1,0,52,0,0
89.5,141250,2862.1,2174,52,2467.82,2526.49,0,0,52,0,0
90.53,143931,2606.9,2206,50,2450.58,2481.87,0,0,50,0,0
91.55,146625,2645.4,2238,49,2442.85,2481.31,0,0,49,0,0
92.56,148862,2209.0,2266,50,2433.87,2479.79,0,0,50,0,0
93.58,151292,2376.6,2299,49,2403.3,2477.93,0,0,49,0,0
94.6,153682,2352.1,2332,46,2384.2,2465.85,0,0,46,0,0
96.37,157105,1936.5,2383,48,2369.03,2991.74,0,0,48,0,0
97.37,159270,2163.3,2415,46,2343.11,2991.74,0,0,46,0,0
98.37,161293,2023.0,2446,46,2314.7,2991.74,1,0,45,0,0
99.37,163420,2120.7,2480,41,2249.75,2991.74,0,0,41,0,0
100.38,165420,1985.4,2512,39,2222.61,2991.74,0,0,39,0,0
101.38,167371,1947.8,2544,37,2198.3,2991.74,0,0,37,0,0
102.39,169069,1685.5,2574,37,2115.72,2316.96,0,0,37,0,0
103.39,170775,1698.8,2604,38,2046.92,2244.11,0,0,38,0,0
104.41,172333,1537.5,2636,36,1973.17,2197.51,1,0,35,0,0
105.42,173877,1525.0,2668,35,1954.44,2097.24,0,0,35,0,0
106.42,175277,1391.8,2699,34,1938.17,2037.81,0,0,34,0,0
107.43,177328,2039.5,2730,33,1912.14,1970.22,0,0,33,0,0
108.43,179082,1753.5,2762,31,1870.09,1957.84,0,0,31,0,0
109.44,180061,974.0,2794,33,1835.87,1954.34,0,0,33,0,0
110.47,180449,376.7,2827,31,1803.86,1903.19,0,0,31,0,0
111.48,181287,826.1,2859,37,1748.05,1868.74,0,0,37,0,0
112.5,181790,494.5,2891,34,1705.93,1827.73,0,0,33,1,0
113.51,182356,560.0,2923,32,1697.24,1803.79,0,0,32,0,0
114.53,183134,762.2,2955,31,1697.24,1777.0,0,0,31,0,0
115.53,183969,834.8,2986,29,1689.93,1781.74,0,0,29,0,0
116.53,184949,979.6,3018,28,1687.56,1781.74,0,0,28,0,0
117.54,186017,1058.1,3049,26,1675.84,1777.0,0,0,26,0,0
118.57,187294,1244.1,3081,26,1652.87,1777.0,0,0,26,0,0
119.57,188793,1488.5,3113,25,1638.31,1770.32,0,0,25,0,0
120.59,190725,1889.8,3148,19,1606.53,1713.73,0,0,19,0,0
121.6,192901,2163.5,3182,18,1555.23,1672.34,1,0,17,0,0
122.63,194405,1465.3,3214,15,1510.56,1626.97,0,0,15,0,0
123.63,196644,2235.7,3247,12,1361.79,1615.2,0,0,12,0,0
124.64,199549,2863.0,3281,9,1264.64,1529.38,0,0,9,0,0
125.66,202495,2888.3,3312,9,1194.65,1488.56,0,0,9,0,0
126.67,206043,3530.2,3347,4,1118.91,1313.02,0,0,4,0,0
127.68,209638,3535.0,3381,0,1021.2,1246.83,0,0,0,0,0
128.69,213019,3378.4,3411,0,968.73,1167.5,0,0,0,0,0
129.69,216225,3192.9,3441,0,852.89,1109.03,0,0,0,0,0
130.69,219008,2778.7,3471,0,747.87,1020.03,0,0,0,0,0
131.7,220609,1589.1,3501,0,713.73,977.56,0,0,0,0,0
132.7,223742,3121.7,3531,0,711.61,851.27,0,0,0,0,0
133.71,226954,3185.0,3562,0,707.92,747.56,0,0,0,0,0
134.71,229738,2781.2,3592,0,706.47,730.95,0,0,0,0,0
135.73,231330,1569.0,3621,1,705.89,736.53,0,0,1,0,0
136.74,234076,2722.0,3652,1,705.44,739.06,0,0,1,0,0
137.75,236755,2648.1,3683,0,706.45,733.26,0,0,0,0,0
138.76,239154,2364.0,3713,0,706.07,733.26,0,0,0,0,0
139.76,240983,1826.9,3741,3,706.62,748.68,0,0,3,0,0
140.79,242837,1811.8,3774,1,711.34,754.73,0,0,1,0,0
141.8,245065,2194.7,3805,0,713.57,761.24,0,0,0,0,0
142.8,247072,2006.3,3835,0,721.27,784.77,0,0,0,0,0
143.83,249125,1999.6,3865,1,728.8,784.77,0,0,1,0,0
144.84,251269,2115.4,3897,0,731.63,784.77,0,0,0,0,0
145.84,253259,1989.6,3927,0,730.55,793.95,0,0,0,0,0
146.87,255098,1797.1,3956,0,726.25,793.95,0,0,0,0,0
147.88,257060,1931.9,3988,0,714.88,784.77,0,0,0,0,0
148.9,258742,1655.7,4017,1,713.44,758.58,0,0,1,0,0
149.92,260558,1772.4,4049,0,713.77,750.45,0,0,0,0,0
150.93,262067,1496.6,4078,0,712.74,778.15,0,0,0,0,0
151.93,263639,1571.2,4109,0,716.54,778.15,0,0,0,0,0
152.97,265048,1357.9,4139,1,717.82,754.68,0,0,1,0,0
153.97,266428,1371.0,4170,1,718.98,754.68,0,0,1,0,0
154.99,267577,1126.9,4201,0,719.81,754.68,0,0,0,0,0
156.0,268646,1066.7,4231,0,721.87,778.08,0,0,0,0,0
157.0,269576,929.7,4261,0,719.9,772.79,0,0,0,0,0
158.03,270424,821.5,4292,0,718.92,741.39,0,0,0,0,0
159.04,270925,496.2,4303,69,719.2,748.26,0,35,17,17,0
